,cement,slag,flyash,water,superplasticizer,coarseaggregate,fineaggregate,age,csMPa
0,277.0,0.0,0.0,191.0,0.0,968.0,856.0,28,25.97
1,359.0,19.0,141.0,154.0,10.9,942.0,801.0,3,25.12
2,272.8,181.9,0.0,185.7,0.0,1012.4,714.3,28,31.38
3,366.0,187.0,0.0,191.0,7.0,824.0,757.0,28,65.91
4,212.6,0.0,100.4,159.4,10.4,1003.8,903.8,3,13.33
5,190.3,0.0,125.2,166.6,9.9,1079.0,798.9,56,31.72
6,236.0,0.0,0.0,194.0,0.0,968.0,885.0,28,18.42
7,387.0,20.0,94.0,157.0,14.3,938.0,845.0,7,36.84
8,500.0,0.0,0.0,200.0,0.0,1125.0,613.0,1,12.64
9,287.0,121.0,94.0,188.0,9.0,904.0,696.0,28,41.94
10,249.1,0.0,98.8,158.1,12.8,987.8,889.0,14,28.68
11,339.0,0.0,0.0,197.0,0.0,968.0,781.0,90,35.17
12,212.0,0.0,124.8,159.0,7.8,1085.4,799.5,56,45.08
13,251.8,0.0,99.9,146.1,12.4,1006.0,899.8,3,21.02
14,446.0,24.0,79.0,162.0,11.6,967.0,712.0,56,55.25
15,190.3,0.0,125.2,161.9,9.9,1088.1,802.6,28,28.47
16,166.1,0.0,163.3,176.5,4.5,1058.6,780.1,100,33.54
17,212.1,0.0,121.6,180.3,5.7,1057.6,779.3,14,20.92
18,166.8,250.2,0.0,203.5,0.0,975.6,692.6,7,15.75
19,141.3,212.0,0.0,203.5,0.0,971.8,748.5,7,10.39
20,310.0,143.0,0.0,168.0,10.0,914.0,804.0,28,45.3
21,229.7,0.0,118.2,195.2,6.1,1028.1,757.6,56,31.35
22,339.0,0.0,0.0,185.0,0.0,1069.0,754.0,7,21.16
23,158.4,0.0,194.9,219.7,11.0,897.7,712.9,28,8.54
24,288.0,192.0,0.0,192.0,0.0,932.0,717.8,3,16.11
25,277.1,0.0,97.4,160.6,11.8,973.9,875.6,28,48.28
26,380.0,95.0,0.0,228.0,0.0,932.0,594.0,180,40.76
27,480.0,0.0,0.0,192.0,0.0,936.2,712.2,7,34.57
28,305.3,203.5,0.0,203.5,0.0,965.4,631.0,7,25.89
29,296.0,0.0,0.0,192.0,0.0,1085.0,765.0,90,29.39
30,475.0,0.0,0.0,228.0,0.0,932.0,594.0,180,42.62
31,446.0,24.0,79.0,162.0,10.3,967.0,712.0,56,54.77
32,135.7,203.5,0.0,185.7,0.0,1076.2,759.3,28,18.2
33,295.7,0.0,95.6,171.5,8.9,955.1,859.2,3,22.95
34,108.3,162.4,0.0,203.5,0.0,938.2,849.0,7,7.72
35,150.0,236.8,0.0,173.8,11.9,1069.3,674.8,28,37.43
36,313.8,0.0,112.6,169.9,10.1,925.3,782.9,28,38.46
37,165.0,128.5,132.1,175.1,8.1,1005.8,746.6,100,55.02
38,160.0,188.0,146.0,203.0,11.0,829.0,710.0,28,32.84
39,192.0,288.0,0.0,192.0,0.0,929.8,716.1,28,39.32
40,362.6,189.0,0.0,164.9,11.6,944.7,755.8,56,77.3
41,159.1,186.7,0.0,175.6,11.3,989.6,788.9,28,32.77
42,362.6,189.0,0.0,164.9,11.6,944.7,755.8,91,79.3
43,122.6,183.9,0.0,203.5,0.0,958.2,800.1,28,24.29
44,304.0,76.0,0.0,228.0,0.0,932.0,670.0,270,54.38
45,277.1,0.0,97.4,160.6,11.8,973.9,875.6,3,23.14
46,218.9,0.0,124.1,158.5,11.3,1078.7,794.9,56,37.27
47,295.0,0.0,0.0,185.0,0.0,1069.0,769.0,28,25.18
48,359.0,19.0,141.0,154.0,10.9,942.0,801.0,56,68.75
49,157.0,236.0,0.0,192.0,0.0,935.4,781.2,3,9.69
50,331.0,0.0,0.0,192.0,0.0,978.0,825.0,90,37.23
51,323.7,282.8,0.0,183.8,10.3,942.7,659.9,7,49.8
52,382.0,0.0,0.0,186.0,0.0,1047.0,739.0,28,37.42
53,158.0,0.0,195.0,220.0,11.0,898.0,713.0,28,8.54
54,213.7,98.1,24.5,181.7,6.9,1065.8,785.4,100,53.9
55,427.5,47.5,0.0,228.0,0.0,932.0,594.0,270,43.01
56,250.0,0.0,95.7,187.4,5.5,956.9,861.2,14,24.92
57,325.0,0.0,0.0,184.0,0.0,1063.0,783.0,28,30.57
58,102.0,153.0,0.0,192.0,0.0,887.0,942.0,28,17.28
59,480.0,0.0,0.0,192.0,0.0,936.0,721.0,3,24.39
60,236.0,157.0,0.0,192.0,0.0,972.6,749.1,3,13.57
61,194.7,0.0,100.5,170.2,7.5,998.0,901.8,28,37.27
62,275.1,0.0,121.4,159.5,9.9,1053.6,777.5,14,38.77
63,193.5,290.2,0.0,185.7,0.0,998.2,704.3,7,17.2
64,145.9,230.5,0.0,202.5,3.4,827.0,871.8,28,32.72
65,139.9,132.6,103.3,200.3,7.4,916.0,753.4,28,36.44
66,164.6,0.0,150.4,181.6,11.7,1023.3,728.9,28,18.03
67,446.0,24.0,79.0,162.0,11.6,967.0,712.0,7,38.02
68,475.0,118.8,0.0,181.1,8.9,852.1,781.5,28,68.3
69,350.0,0.0,0.0,203.0,0.0,974.0,775.0,7,18.13
70,222.4,0.0,96.7,189.3,4.5,967.1,870.3,56,29.45
71,139.6,209.4,0.0,192.0,0.0,1047.0,806.9,90,39.36
72,310.0,142.8,0.0,167.9,10.0,914.3,804.0,28,45.3
73,239.6,359.4,0.0,185.7,0.0,941.6,664.3,7,25.42
74,446.0,24.0,79.0,162.0,11.6,967.0,712.0,56,61.07
75,214.9,53.8,121.9,155.6,9.6,1014.3,780.6,3,18.02
76,213.5,0.0,174.2,154.6,11.7,1052.3,775.5,3,17.37
77,181.9,272.8,0.0,185.7,0.0,1012.4,714.3,7,12.37
78,362.6,189.0,0.0,164.9,11.6,944.7,755.8,7,55.9
79,173.5,50.1,173.5,164.8,6.5,1006.2,793.5,28,38.2
80,139.6,209.4,0.0,192.0,0.0,1047.0,806.9,180,44.21
81,164.0,0.0,200.0,181.0,13.0,849.0,846.0,28,15.09
82,485.0,0.0,0.0,146.0,0.0,1120.0,800.0,28,71.99
83,178.0,129.8,118.6,179.9,3.6,1007.3,746.8,56,48.59
84,314.0,0.0,113.0,170.0,10.0,925.0,783.0,28,38.46
85,273.0,0.0,90.0,199.0,11.0,931.0,762.0,28,32.24
86,299.8,0.0,119.8,211.5,9.9,878.2,727.6,28,23.84
87,310.0,0.0,0.0,192.0,0.0,1012.0,830.0,3,11.85
88,182.0,45.2,122.0,170.2,8.2,1059.4,780.7,100,48.67
89,140.0,164.0,128.0,237.0,6.0,869.0,656.0,28,35.23
90,277.0,116.8,91.0,190.6,7.0,946.5,665.6,28,43.58
91,155.0,183.0,0.0,193.0,9.0,877.0,868.0,28,23.79
92,375.0,93.8,0.0,126.6,23.4,852.1,992.6,3,29.0
93,190.3,0.0,125.2,161.9,9.9,1088.1,802.6,100,40.39
94,135.7,203.5,0.0,185.7,0.0,1076.2,759.3,7,7.51
95,212.0,0.0,124.8,159.0,7.8,1085.4,799.5,14,31.35
96,505.0,0.0,60.0,195.0,0.0,1030.0,630.0,28,64.02
97,286.3,200.9,0.0,144.7,11.2,1004.6,803.7,7,38.0
98,321.4,0.0,127.9,182.5,11.5,870.1,779.7,28,37.27
99,322.5,148.6,0.0,185.8,8.5,951.0,709.5,28,52.43
100,297.2,0.0,117.5,174.8,9.5,1022.8,753.5,28,47.4
101,500.0,0.0,0.0,200.0,0.0,1125.0,613.0,28,44.09
102,313.3,0.0,113.0,178.5,8.0,1001.9,688.7,28,36.8
103,222.4,0.0,96.7,189.3,4.5,967.1,870.3,14,24.45
104,181.4,0.0,167.0,169.6,7.6,1055.6,777.8,28,27.77
105,339.0,0.0,0.0,197.0,0.0,968.0,781.0,14,27.04
106,212.0,141.3,0.0,203.5,0.0,973.4,750.0,3,6.81
107,446.0,24.0,79.0,162.0,10.3,967.0,712.0,28,53.39
108,400.0,0.0,0.0,187.0,0.0,1025.0,745.0,28,43.7
109,266.0,114.0,0.0,228.0,0.0,932.0,670.0,270,51.73
110,213.5,0.0,174.2,159.2,11.7,1043.6,771.9,14,29.59
111,159.0,149.0,116.0,175.0,15.0,953.0,720.0,28,27.68
112,310.0,0.0,0.0,192.0,0.0,970.0,850.0,7,14.99
113,212.0,141.3,0.0,203.5,0.0,973.4,750.0,90,39.7
114,331.0,0.0,0.0,192.0,0.0,1025.0,821.0,3,14.31
115,147.0,115.0,89.0,202.0,9.0,860.0,829.0,28,19.99
116,385.0,0.0,0.0,186.0,0.0,966.0,763.0,1,6.27
117,310.0,0.0,0.0,192.0,0.0,1012.0,830.0,120,38.7
118,277.1,0.0,97.4,160.6,11.8,973.9,875.6,56,51.04
119,155.0,183.0,0.0,193.0,9.0,1047.0,697.0,28,18.28
120,362.6,189.0,0.0,164.9,11.6,944.7,755.8,28,71.3
121,475.0,0.0,0.0,228.0,0.0,932.0,594.0,270,42.13
122,349.0,0.0,0.0,192.0,0.0,1047.0,806.0,90,39.49
123,218.9,0.0,124.1,158.5,11.3,1078.7,794.9,14,26.05
124,198.6,132.4,0.0,192.0,0.0,978.4,825.5,3,9.13
125,194.7,0.0,100.5,170.2,7.5,998.0,901.8,14,24.28
126,400.0,0.0,0.0,187.0,0.0,1025.0,745.0,7,30.14
127,144.0,15.0,195.0,176.0,6.0,1021.0,709.0,28,15.34
128,144.8,0.0,133.6,180.8,11.1,979.5,811.5,28,13.2
129,424.0,22.0,132.0,178.0,8.5,822.0,750.0,28,62.05
130,251.8,0.0,99.9,146.1,12.4,1006.0,899.8,100,45.37
131,182.0,45.2,122.0,170.2,8.2,1059.4,780.7,28,31.27
132,349.0,0.0,0.0,192.0,0.0,1047.0,806.9,3,15.05
133,251.4,0.0,118.3,188.5,5.8,1028.4,757.7,56,36.97
134,149.0,118.0,92.0,183.0,7.0,953.0,780.0,28,23.52
135,312.9,160.5,0.0,177.6,9.6,916.6,759.5,28,52.45
136,168.0,42.1,163.8,121.8,5.7,1058.7,780.1,3,7.75
137,143.0,169.0,143.0,191.0,8.0,967.0,643.0,28,29.72
138,251.4,0.0,118.3,188.5,6.4,1028.4,757.7,14,24.43
139,254.0,0.0,0.0,198.0,0.0,968.0,863.0,180,27.63
140,540.0,0.0,0.0,162.0,2.5,1040.0,676.0,28,79.99
141,152.7,144.7,0.0,178.1,8.0,999.7,822.2,28,19.01
142,296.0,0.0,0.0,192.0,0.0,1085.0,765.0,28,21.65
143,249.1,0.0,98.8,158.1,12.8,987.8,889.0,100,51.06
144,139.6,209.4,0.0,192.0,0.0,1047.0,806.9,360,44.7
145,165.0,0.0,143.6,163.8,0.0,1005.6,900.9,28,26.2
146,251.4,0.0,118.3,192.9,5.8,1043.6,754.3,56,39.27
147,339.0,0.0,0.0,197.0,0.0,968.0,781.0,365,38.89
148,339.2,0.0,0.0,185.7,0.0,1069.2,754.3,28,31.9
149,288.0,192.0,0.0,192.0,0.0,932.0,717.8,28,38.8
150,168.9,42.2,124.3,158.3,10.8,1080.8,796.2,3,7.4
151,540.0,0.0,0.0,173.0,0.0,1125.0,613.0,3,41.64
152,331.0,0.0,0.0,192.0,0.0,978.0,825.0,360,41.24
153,238.1,0.0,94.1,186.7,7.0,949.9,847.0,14,25.69
154,212.5,0.0,100.4,159.3,8.7,1007.8,903.6,56,42.55
155,337.9,189.0,0.0,174.9,9.5,944.7,755.8,56,59.89
156,500.0,0.0,0.0,200.0,0.0,1125.0,613.0,3,26.06
157,307.0,0.0,0.0,193.0,0.0,968.0,812.0,3,12.54
158,480.0,0.0,0.0,192.0,0.0,936.2,712.2,28,43.94
159,259.9,100.6,78.4,170.6,10.4,935.7,762.9,28,49.77
160,153.0,145.0,113.0,178.0,8.0,867.0,824.0,28,26.23
161,250.2,166.8,0.0,203.5,0.0,977.6,694.1,7,19.35
162,158.8,238.2,0.0,185.7,0.0,1040.6,734.3,7,9.62
163,238.1,0.0,94.1,186.7,7.0,949.9,847.0,56,39.59
164,239.6,359.4,0.0,185.7,0.0,941.6,664.3,28,39.44
165,229.7,0.0,118.2,195.2,6.1,1028.1,757.6,3,13.36
166,166.1,0.0,163.3,176.5,4.5,1058.6,780.1,14,25.48
167,132.0,207.0,161.0,179.0,5.0,867.0,736.0,28,33.3
168,337.9,189.0,0.0,174.9,9.5,944.7,755.8,3,24.1
169,362.6,189.0,0.0,164.9,11.6,944.7,755.8,7,22.9
170,238.2,158.8,0.0,185.7,0.0,1040.6,734.3,7,15.69
171,132.0,206.5,160.9,178.9,5.5,866.9,735.6,28,33.31
172,469.0,117.2,0.0,137.8,32.2,852.1,840.5,3,40.2
173,164.2,0.0,200.1,181.2,12.6,849.3,846.0,28,15.09
174,387.0,20.0,94.0,157.0,11.6,938.0,845.0,7,41.67
175,318.0,0.0,126.0,210.0,6.0,861.0,737.0,28,40.06
176,362.6,189.0,0.0,164.9,11.6,944.7,755.8,28,71.3
177,350.0,0.0,0.0,203.0,0.0,974.0,775.0,180,32.72
178,385.0,0.0,136.0,158.0,20.0,903.0,768.0,28,55.55
179,304.0,76.0,0.0,228.0,0.0,932.0,670.0,180,50.95
180,182.0,45.2,122.0,170.2,8.2,1059.4,780.7,3,7.32
181,238.1,0.0,94.1,186.7,7.0,949.9,847.0,28,30.23
182,500.1,0.0,0.0,200.0,3.0,1124.4,613.2,28,44.13
183,331.0,170.0,0.0,195.0,8.0,811.0,802.0,28,56.61
184,342.0,38.0,0.0,228.0,0.0,932.0,670.0,90,50.46
185,439.0,177.0,0.0,186.0,11.1,884.9,707.9,3,39.3
186,233.8,0.0,94.6,197.9,4.6,947.0,852.2,56,27.66
187,173.8,93.4,159.9,172.3,9.7,1007.2,746.6,56,48.99
188,190.0,190.0,0.0,228.0,0.0,932.0,670.0,28,40.86
189,133.0,200.0,0.0,192.0,0.0,927.4,839.2,90,36.59
190,151.8,178.1,138.7,167.5,18.3,944.0,694.6,28,36.35
191,252.1,97.1,75.6,193.8,8.3,835.5,821.4,28,33.4
192,374.0,189.2,0.0,170.1,10.1,926.1,756.7,56,63.4
193,250.0,0.0,95.7,191.8,5.3,948.9,857.2,3,8.49
194,359.0,19.0,141.0,154.0,10.9,942.0,801.0,56,66.78
195,425.0,106.3,0.0,153.5,16.5,852.1,887.1,28,60.29
196,165.0,128.5,132.1,175.1,8.1,1005.8,746.6,56,53.72
197,272.6,0.0,89.6,198.7,10.6,931.3,762.2,28,32.25
198,525.0,0.0,0.0,189.0,0.0,1125.0,613.0,14,48.4
199,213.5,0.0,174.2,154.6,11.7,1052.3,775.5,14,33.7
200,540.0,0.0,0.0,173.0,0.0,1125.0,613.0,90,69.66
201,167.0,75.4,167.0,164.0,7.9,1007.3,770.1,100,56.81
202,192.0,288.0,0.0,192.0,0.0,929.8,716.1,90,50.73
203,520.0,0.0,0.0,170.0,5.2,855.0,855.0,28,60.28
204,266.2,112.3,87.5,177.9,10.4,909.7,744.5,28,39.42
205,336.5,0.0,0.0,181.9,3.4,985.8,816.8,28,44.87
206,304.0,76.0,0.0,228.0,0.0,932.0,670.0,28,47.81
207,376.0,0.0,0.0,214.6,0.0,1003.5,762.4,14,25.62
208,401.8,94.7,0.0,147.4,11.4,946.8,852.1,3,41.1
209,252.5,0.0,0.0,185.7,0.0,1111.6,784.3,7,11.48
210,166.8,250.2,0.0,203.5,0.0,975.6,692.6,90,43.57
211,252.0,0.0,0.0,185.0,0.0,1111.0,784.0,7,13.71
212,298.0,0.0,107.0,164.0,13.0,953.0,784.0,28,35.86
213,362.6,189.0,0.0,164.9,11.6,944.7,755.8,3,35.3
214,218.2,54.6,123.8,140.8,11.9,1075.7,792.7,100,63.53
215,231.8,0.0,121.6,174.0,6.7,1056.4,778.5,100,45.84
216,339.0,0.0,0.0,197.0,0.0,968.0,781.0,3,13.22
217,425.0,106.3,0.0,153.5,16.5,852.1,887.1,91,65.2
218,237.0,92.0,71.0,247.0,6.0,853.0,695.0,28,28.63
219,425.0,106.3,0.0,153.5,16.5,852.1,887.1,7,49.2
220,238.0,0.0,0.0,185.0,0.0,1118.0,789.0,28,17.54
221,446.0,24.0,79.0,162.0,11.6,967.0,712.0,28,44.42
222,173.8,93.4,159.9,172.3,9.7,1007.2,746.6,14,29.55
223,218.9,0.0,124.1,158.5,11.3,1078.7,794.9,28,30.22
224,427.5,47.5,0.0,228.0,0.0,932.0,594.0,7,35.08
225,172.4,13.6,172.4,156.8,4.1,1006.3,856.4,56,35.85
226,133.0,200.0,0.0,192.0,0.0,927.4,839.2,7,13.66
227,314.0,145.3,113.2,178.9,8.0,869.1,690.2,28,46.23
228,307.0,0.0,0.0,193.0,0.0,968.0,812.0,365,36.15
229,288.4,121.0,0.0,177.4,7.0,907.9,829.5,28,42.14
230,198.6,132.4,0.0,192.0,0.0,978.4,825.5,28,28.02
231,190.3,0.0,125.2,161.9,9.9,1088.1,802.6,3,9.45
232,213.7,0.0,174.7,154.8,10.2,1053.5,776.4,3,17.57
233,331.0,0.0,0.0,192.0,0.0,978.0,825.0,28,31.45
234,281.0,0.0,0.0,186.0,0.0,1104.0,774.0,7,14.5
235,388.6,97.1,0.0,157.9,12.1,852.1,925.7,56,55.2
236,290.4,0.0,96.2,168.1,9.4,961.2,865.0,3,22.5
237,251.4,0.0,118.3,188.5,6.4,1028.4,757.7,100,44.21
238,325.6,166.4,0.0,174.0,8.9,881.6,790.0,28,61.24
239,167.0,75.4,167.0,164.0,7.9,1007.3,770.1,3,15.52
240,166.8,250.2,0.0,203.5,0.0,975.6,692.6,3,6.9
241,322.0,0.0,0.0,203.0,0.0,974.0,800.0,28,25.18
242,385.0,0.0,0.0,186.0,0.0,966.0,763.0,28,31.35
243,150.0,237.0,0.0,174.0,12.0,1069.0,675.0,28,37.43
244,167.4,129.9,128.6,175.5,7.8,1006.3,746.6,28,41.2
245,350.0,0.0,0.0,203.0,0.0,974.0,775.0,90,31.35
246,318.8,212.5,0.0,155.7,14.3,852.1,880.4,91,68.1
247,108.3,162.4,0.0,203.5,0.0,938.2,849.0,3,2.33
248,366.0,187.0,0.0,191.3,6.6,824.3,756.9,28,65.91
249,168.0,42.1,163.8,121.8,5.7,1058.7,780.1,28,24.24
250,277.1,0.0,97.4,160.6,11.8,973.9,875.6,14,41.89
251,266.0,114.0,0.0,228.0,0.0,932.0,670.0,365,52.91
252,393.0,0.0,0.0,192.0,0.0,940.6,785.6,90,48.85
253,288.0,121.0,0.0,177.0,7.0,908.0,829.0,28,42.13
254,277.0,0.0,0.0,191.0,0.0,968.0,856.0,3,11.36
255,181.4,0.0,167.0,169.6,7.6,1055.6,777.8,14,21.6
256,491.0,26.0,123.0,210.0,3.9,882.0,699.0,7,33.49
257,153.6,144.2,112.3,220.1,10.1,923.2,657.9,28,16.5
258,149.5,236.0,0.0,175.8,12.6,846.8,892.7,28,32.96
259,300.0,0.0,0.0,184.0,0.0,1075.0,795.0,7,15.58
260,374.0,189.2,0.0,170.1,10.1,926.1,756.7,28,61.09
261,304.8,0.0,99.6,196.0,9.8,959.4,705.2,28,30.12
262,350.0,0.0,0.0,186.0,0.0,1050.0,770.0,28,34.29
263,218.2,54.6,123.8,140.8,11.9,1075.7,792.7,28,55.51
264,425.0,106.3,0.0,153.5,16.5,852.1,887.1,7,49.2
265,212.6,0.0,100.4,159.4,10.4,1003.8,903.8,28,37.4
266,238.0,0.0,0.0,186.0,0.0,1119.0,789.0,7,12.05
267,284.0,15.0,141.0,179.0,5.5,842.0,801.0,7,24.13
268,382.5,0.0,0.0,185.7,0.0,1047.8,739.3,28,37.44
269,362.6,189.0,0.0,164.9,11.6,944.7,755.8,91,79.3
270,531.3,0.0,0.0,141.8,28.2,852.1,893.7,7,46.9
271,310.0,0.0,0.0,192.0,0.0,971.0,850.6,3,9.87
272,212.1,0.0,121.6,180.3,5.7,1057.6,779.3,3,12.47
273,238.2,158.8,0.0,185.7,0.0,1040.6,734.3,28,26.91
274,116.0,173.0,0.0,192.0,0.0,909.8,891.9,3,6.28
275,222.4,0.0,96.7,189.3,4.5,967.1,870.3,3,11.58
276,250.0,0.0,95.7,191.8,5.3,948.9,857.2,100,41.16
277,133.0,200.0,0.0,192.0,0.0,927.4,839.2,3,6.88
278,350.0,0.0,0.0,203.0,0.0,974.0,775.0,28,27.34
279,362.6,189.0,0.0,164.9,11.6,944.7,755.8,3,35.3
280,298.1,0.0,107.5,163.6,12.8,953.2,784.0,28,35.87
281,349.0,0.0,0.0,192.0,0.0,1056.0,809.0,3,15.87
282,220.8,147.2,0.0,185.7,0.0,1055.0,744.3,28,25.75
283,302.0,0.0,0.0,203.0,0.0,974.0,817.0,180,26.74
284,540.0,0.0,0.0,173.0,0.0,1125.0,613.0,180,71.62
285,173.5,50.1,173.5,164.8,6.5,1006.2,793.5,3,23.08
286,213.7,0.0,174.7,154.8,10.2,1053.5,776.4,28,40.15
287,236.0,0.0,0.0,194.0,0.0,968.0,885.0,3,6.47
288,151.0,0.0,184.0,167.0,12.0,991.0,772.0,28,15.57
289,475.0,0.0,0.0,228.0,0.0,932.0,594.0,7,38.6
290,139.6,209.4,0.0,192.0,0.0,1047.0,806.9,7,14.59
291,202.0,11.0,141.0,206.0,1.7,942.0,801.0,3,9.85
292,237.5,237.5,0.0,228.0,0.0,932.0,594.0,180,36.25
293,362.6,189.0,0.0,164.9,11.6,944.7,755.8,56,77.3
294,525.0,0.0,0.0,189.0,0.0,1125.0,613.0,90,58.78
295,425.0,106.3,0.0,153.5,16.5,852.1,887.1,56,64.3
296,166.1,0.0,163.3,176.5,4.5,1058.6,780.1,28,21.54
297,350.0,0.0,0.0,203.0,0.0,974.0,775.0,14,22.53
298,500.0,0.0,0.0,200.0,0.0,1125.0,613.0,270,55.16
299,382.0,0.0,0.0,186.0,0.0,1047.0,739.0,7,24.0
300,480.0,0.0,0.0,192.0,0.0,936.0,721.0,28,43.89
301,405.0,0.0,0.0,175.0,0.0,1120.0,695.0,28,52.3
302,237.5,237.5,0.0,228.0,0.0,932.0,594.0,90,33.12
303,250.0,0.0,0.0,182.0,0.0,1100.0,820.0,7,12.73
304,228.0,342.1,0.0,185.7,0.0,955.8,674.3,7,21.92
305,218.2,54.6,123.8,140.8,11.9,1075.7,792.7,3,27.42
306,359.0,19.0,141.0,154.0,10.9,942.0,801.0,28,62.94
307,285.0,190.0,0.0,163.0,7.6,1031.0,685.0,28,53.58
308,178.0,129.8,118.6,179.9,3.6,1007.3,746.8,14,34.24
309,167.4,129.9,128.6,175.5,7.8,1006.3,746.6,56,51.72
310,181.4,0.0,167.0,169.6,7.6,1055.6,777.8,3,13.62
311,168.0,42.1,163.8,121.8,5.7,1058.7,780.1,56,32.85
312,213.5,0.0,174.2,154.6,11.7,1052.3,775.5,100,59.3
313,475.0,0.0,0.0,228.0,0.0,932.0,594.0,28,39.29
314,288.0,192.0,0.0,192.0,0.0,932.0,717.8,90,50.53
315,304.0,76.0,0.0,228.0,0.0,932.0,670.0,365,55.26
316,525.0,0.0,0.0,189.0,0.0,1125.0,613.0,3,33.8
317,275.1,0.0,121.4,159.5,9.9,1053.6,777.5,3,23.8
318,252.0,0.0,0.0,186.0,0.0,1111.0,784.0,7,11.47
319,303.6,139.9,0.0,213.5,6.2,895.5,722.5,28,33.42
320,202.0,11.0,141.0,206.0,1.7,942.0,801.0,7,15.07
321,194.7,0.0,100.5,165.6,7.5,1006.4,905.9,56,33.96
322,525.0,0.0,0.0,189.0,0.0,1125.0,613.0,7,42.42
323,333.0,17.5,163.0,167.0,17.9,996.0,652.0,28,47.28
324,264.5,111.0,86.5,195.5,5.9,832.6,790.4,28,41.54
325,310.0,0.0,0.0,192.0,0.0,970.0,850.0,360,38.11
326,183.9,122.6,0.0,203.5,0.0,959.2,800.0,3,4.9
327,393.0,0.0,0.0,192.0,0.0,940.6,785.6,7,27.74
328,424.0,22.0,132.0,178.0,8.5,822.0,750.0,7,39.0
329,469.0,117.2,0.0,137.8,32.2,852.1,840.5,28,66.9
330,376.0,0.0,0.0,214.6,0.0,1003.5,762.4,100,43.06
331,475.0,0.0,0.0,228.0,0.0,932.0,594.0,90,42.23
332,170.3,155.5,0.0,185.7,0.0,1026.6,724.3,28,25.73
333,145.4,0.0,178.9,201.7,7.8,824.0,868.7,28,10.54
334,374.0,189.2,0.0,170.1,10.1,926.1,756.7,91,64.9
335,332.5,142.5,0.0,228.0,0.0,932.0,594.0,7,30.28
336,388.6,97.1,0.0,157.9,12.1,852.1,925.7,28,50.7
337,198.6,132.4,0.0,192.0,0.0,978.4,825.5,360,44.3
338,200.0,133.0,0.0,192.0,0.0,965.4,806.2,7,17.17
339,116.0,173.0,0.0,192.0,0.0,909.8,891.9,7,10.09
340,331.0,0.0,0.0,192.0,0.0,978.0,825.0,7,16.26
341,190.3,0.0,125.2,166.6,9.9,1079.0,798.9,14,19.42
342,321.0,0.0,128.0,182.0,11.0,870.0,780.0,28,37.26
343,228.0,342.1,0.0,185.7,0.0,955.8,674.3,28,39.7
344,491.0,26.0,123.0,201.0,3.9,822.0,699.0,56,61.86
345,296.0,0.0,106.7,221.4,10.5,819.2,778.4,28,31.42
346,234.0,156.0,0.0,189.0,5.9,981.0,760.0,28,39.3
347,184.0,86.0,190.0,213.0,6.0,923.0,623.0,28,22.93
348,213.5,0.0,174.2,154.6,11.7,1052.3,775.5,56,51.43
349,276.0,116.0,90.0,180.0,9.0,870.0,768.0,28,44.28
350,183.9,122.6,0.0,203.5,0.0,959.2,800.0,28,24.05
351,212.6,0.0,100.4,159.4,10.4,1003.8,903.8,14,25.37
352,246.8,0.0,125.1,143.3,12.0,1086.8,800.9,100,66.42
353,323.7,282.8,0.0,183.8,10.3,942.7,659.9,56,80.2
354,516.0,0.0,0.0,162.0,8.3,801.0,802.0,28,41.37
355,491.0,26.0,123.0,210.0,3.9,882.0,699.0,3,25.61
356,218.9,0.0,124.1,158.5,11.3,1078.7,794.9,100,46.23
357,295.7,0.0,95.6,171.5,8.9,955.1,859.2,56,48.72
358,237.5,237.5,0.0,228.0,0.0,932.0,594.0,365,39.0
359,331.0,0.0,0.0,192.0,0.0,879.0,825.0,3,13.52
360,284.0,15.0,141.0,179.0,5.5,842.0,801.0,56,44.52
361,173.0,116.0,0.0,192.0,0.0,946.8,856.8,3,6.94
362,146.0,230.0,0.0,202.0,3.0,827.0,872.0,28,33.06
363,135.0,105.0,193.0,196.0,6.0,965.0,643.0,28,21.91
364,250.2,166.8,0.0,203.5,0.0,977.6,694.1,3,9.73
365,225.0,0.0,0.0,181.0,0.0,1113.0,833.0,7,11.17
366,277.0,0.0,0.0,191.0,0.0,968.0,856.0,90,31.25
367,296.0,0.0,0.0,192.0,0.0,1085.0,765.0,7,14.2
368,108.3,162.4,0.0,203.5,0.0,938.2,849.0,90,29.23
369,236.0,0.0,0.0,194.0,0.0,968.0,885.0,90,21.95
370,165.0,0.0,143.6,163.8,0.0,1005.6,900.9,56,36.56
371,231.8,0.0,121.6,174.0,6.7,1056.4,778.5,56,42.7
372,313.0,145.0,0.0,127.0,8.0,1000.0,822.0,28,44.52
373,284.0,15.0,141.0,179.0,5.5,842.0,801.0,28,43.73
374,376.0,0.0,0.0,214.6,0.0,1003.5,762.4,56,36.3
375,355.0,19.0,97.0,145.0,12.3,967.0,871.0,28,55.45
376,146.0,173.0,0.0,182.0,3.0,986.0,817.0,28,23.74
377,252.0,97.0,76.0,194.0,8.0,835.0,821.0,28,33.4
378,157.0,236.0,0.0,192.0,0.0,935.4,781.2,90,43.38
379,375.0,93.8,0.0,126.6,23.4,852.1,992.6,7,45.7
380,401.8,94.7,0.0,147.4,11.4,946.8,852.1,28,68.5
381,289.0,0.0,0.0,192.0,0.0,913.2,895.3,7,14.6
382,500.0,0.0,0.0,140.0,4.0,966.0,853.0,28,67.57
383,190.7,0.0,125.4,162.1,7.8,1090.0,804.0,100,40.57
384,297.2,0.0,117.5,174.8,9.5,1022.8,753.5,100,56.74
385,141.9,166.6,129.7,173.5,10.9,882.6,785.3,28,44.61
386,304.0,140.0,0.0,214.0,6.0,895.0,722.0,28,33.42
387,202.0,11.0,141.0,206.0,1.7,942.0,801.0,56,23.25
388,393.0,0.0,0.0,192.0,0.0,940.0,758.0,90,48.79
389,387.0,20.0,94.0,157.0,14.3,938.0,845.0,3,22.75
390,213.8,98.1,24.5,181.7,6.7,1066.0,785.5,56,47.13
391,333.0,0.0,0.0,192.0,0.0,931.2,842.6,90,41.68
392,250.0,180.0,95.0,159.0,9.5,860.0,800.0,28,67.87
393,295.8,0.0,0.0,185.7,0.0,1091.4,769.3,28,25.22
394,213.7,98.1,24.5,181.7,6.9,1065.8,785.4,56,50.77
395,213.5,0.0,174.2,159.2,11.7,1043.6,771.9,28,44.64
396,475.0,118.8,0.0,181.1,8.9,852.1,781.5,7,55.6
397,266.0,112.0,87.0,178.0,10.0,910.0,745.0,28,39.42
398,355.9,0.0,141.6,193.3,11.0,801.4,778.4,28,40.87
399,424.0,22.0,132.0,178.0,8.5,822.0,750.0,56,65.7
400,325.0,0.0,0.0,184.0,0.0,1063.0,783.0,7,17.54
401,190.3,0.0,125.2,161.9,9.9,1088.1,802.6,56,38.56
402,218.2,54.6,123.8,140.8,11.9,1075.7,792.7,14,35.96
403,272.8,181.9,0.0,185.7,0.0,1012.4,714.3,7,19.77
404,385.0,0.0,0.0,186.0,0.0,966.0,763.0,3,14.7
405,143.6,0.0,174.9,158.4,17.9,942.7,844.5,28,15.42
406,168.0,42.1,163.8,121.8,5.7,1058.7,780.1,14,17.82
407,380.0,95.0,0.0,228.0,0.0,932.0,594.0,90,40.56
408,469.0,117.2,0.0,137.8,32.2,852.1,840.5,91,70.7
409,182.0,45.2,122.0,170.2,8.2,1059.4,780.7,56,43.5
410,307.0,0.0,0.0,193.0,0.0,968.0,812.0,90,32.92
411,145.0,116.0,119.0,184.0,5.7,833.0,880.0,28,29.16
412,480.0,0.0,0.0,192.0,0.0,936.2,712.2,3,24.4
413,252.3,0.0,98.8,146.3,14.2,987.8,889.0,100,60.95
414,252.0,0.0,0.0,185.0,0.0,1111.0,784.0,28,19.69
415,522.0,0.0,0.0,146.0,0.0,896.0,896.0,28,74.99
416,374.0,189.2,0.0,170.1,10.1,926.1,756.7,7,46.2
417,230.0,0.0,118.3,195.5,4.6,1029.4,758.6,100,35.34
418,275.1,0.0,121.4,159.5,9.9,1053.6,777.5,56,56.85
419,167.0,75.4,167.0,164.0,7.9,1007.3,770.1,14,32.9
420,154.0,144.0,112.0,220.0,10.0,923.0,658.0,28,16.5
421,254.0,0.0,0.0,198.0,0.0,968.0,863.0,90,26.94
422,337.9,189.0,0.0,174.9,9.5,944.7,755.8,7,35.1
423,439.0,177.0,0.0,186.0,11.1,884.9,707.9,56,71.7
424,166.0,259.7,0.0,183.2,12.7,858.8,826.8,28,37.92
425,439.0,177.0,0.0,186.0,11.1,884.9,707.9,7,56.1
426,237.5,237.5,0.0,228.0,0.0,932.0,594.0,28,30.08
427,401.8,94.7,0.0,147.4,11.4,946.8,852.1,7,54.1
428,218.2,54.6,123.8,140.8,11.9,1075.7,792.7,56,61.99
429,214.9,53.8,121.9,155.6,9.6,1014.3,780.6,14,38.6
430,250.0,0.0,95.7,191.8,5.3,948.9,857.2,28,27.22
431,295.8,0.0,0.0,185.7,0.0,1091.4,769.3,7,14.84
432,213.5,0.0,174.2,154.6,11.7,1052.3,775.5,28,45.94
433,160.2,188.0,146.4,203.2,11.3,828.7,709.7,28,35.31
434,250.0,0.0,95.7,187.4,5.5,956.9,861.2,3,13.82
435,313.0,145.0,0.0,178.0,8.0,867.0,824.0,28,44.39
436,275.0,0.0,0.0,183.0,0.0,1088.0,808.0,28,24.5
437,322.0,0.0,0.0,203.0,0.0,974.0,800.0,180,29.59
438,165.0,0.0,143.6,163.8,0.0,1005.6,900.9,3,14.4
439,276.4,116.0,90.3,179.6,8.9,870.1,768.3,28,44.28
440,425.0,106.3,0.0,153.5,16.5,852.1,887.1,91,65.2
441,317.9,0.0,126.5,209.7,5.7,860.5,736.6,28,40.06
442,305.0,0.0,100.0,196.0,10.0,959.0,705.0,28,30.12
443,356.0,0.0,142.0,193.0,11.0,801.0,778.0,28,40.87
444,362.6,189.0,0.0,164.9,11.6,944.7,755.8,3,35.3
445,203.5,305.3,0.0,203.5,0.0,963.4,630.0,90,51.86
446,168.9,42.2,124.3,158.3,10.8,1080.8,796.2,14,23.51
447,102.0,153.0,0.0,192.0,0.0,887.0,942.0,3,4.57
448,374.0,189.2,0.0,170.1,10.1,926.1,756.7,3,34.4
449,350.0,0.0,0.0,186.0,0.0,1050.0,770.0,7,20.28
450,236.0,0.0,0.0,193.0,0.0,968.0,885.0,365,25.08
451,305.3,203.5,0.0,203.5,0.0,965.4,631.0,3,14.14
452,149.0,117.6,91.7,182.9,7.1,953.4,780.3,28,23.52
453,260.0,101.0,78.0,171.0,10.0,936.0,763.0,28,49.77
454,238.0,0.0,0.0,186.0,0.0,1119.0,789.0,28,17.54
455,500.0,0.0,0.0,200.0,0.0,1125.0,613.0,7,33.21
456,318.8,212.5,0.0,155.7,14.3,852.1,880.4,28,55.5
457,149.0,139.0,109.0,193.0,6.0,892.0,780.0,28,23.69
458,540.0,0.0,0.0,162.0,2.5,1055.0,676.0,28,61.89
459,102.0,153.0,0.0,192.0,0.0,887.0,942.0,7,7.68
460,480.0,0.0,0.0,192.0,0.0,936.2,712.2,90,54.32
461,339.0,0.0,0.0,197.0,0.0,968.0,781.0,28,32.04
462,277.1,0.0,97.4,160.6,11.8,973.9,875.6,100,55.64
463,290.2,193.5,0.0,185.7,0.0,998.2,704.3,28,33.04
464,172.4,13.6,172.4,156.8,4.1,1006.3,856.4,3,21.29
465,531.3,0.0,0.0,141.8,28.2,852.1,893.7,91,59.2
466,194.7,0.0,100.5,170.2,7.5,998.0,901.8,3,12.18
467,349.0,0.0,0.0,192.0,0.0,1047.0,806.0,28,32.72
468,173.0,116.0,0.0,192.0,0.0,946.8,856.8,90,32.1
469,339.0,0.0,0.0,197.0,0.0,968.0,781.0,180,36.45
470,178.0,129.8,118.6,179.9,3.6,1007.3,746.8,100,49.99
471,284.0,120.0,0.0,168.0,7.0,970.0,794.0,28,40.93
472,375.0,0.0,0.0,186.0,0.0,1038.0,758.0,7,26.06
473,172.4,13.6,172.4,156.8,4.1,1006.3,856.4,14,29.75
474,251.8,0.0,99.9,146.1,12.4,1006.0,899.8,14,33.36
475,376.0,0.0,0.0,214.6,0.0,1003.5,762.4,28,31.97
476,359.0,19.0,141.0,154.0,10.9,942.0,801.0,28,59.49
477,336.0,0.0,0.0,182.0,3.0,986.0,817.0,28,44.86
478,167.0,75.4,167.0,164.0,7.9,1007.3,770.1,28,41.41
479,385.0,0.0,0.0,186.0,0.0,966.0,763.0,7,23.22
480,318.8,212.5,0.0,155.7,14.3,852.1,880.4,56,66.1
481,332.5,142.5,0.0,228.0,0.0,932.0,594.0,90,37.72
482,193.5,290.2,0.0,185.7,0.0,998.2,704.3,28,32.63
483,322.2,0.0,115.6,196.0,10.4,817.9,813.4,28,31.18
484,144.0,0.0,175.0,158.0,18.0,943.0,844.0,28,15.42
485,167.4,129.9,128.6,175.5,7.8,1006.3,746.6,3,14.94
486,375.0,93.8,0.0,126.6,23.4,852.1,992.6,56,60.2
487,359.0,19.0,141.0,154.0,10.9,942.0,801.0,3,23.64
488,153.0,145.0,0.0,178.0,8.0,1000.0,822.0,28,19.01
489,298.2,0.0,107.0,209.7,11.1,879.6,744.2,28,31.88
490,326.0,166.0,0.0,174.0,9.0,882.0,790.0,28,61.23
491,212.1,0.0,121.6,180.3,5.7,1057.6,779.3,100,39.61
492,190.3,0.0,125.2,166.6,9.9,1079.0,798.9,28,24.85
493,379.5,151.2,0.0,153.9,15.9,1134.3,605.0,28,52.2
494,475.0,0.0,59.0,142.0,1.9,1098.0,641.0,28,57.23
495,401.8,94.7,0.0,147.4,11.4,946.8,852.1,91,75.5
496,289.0,0.0,0.0,192.0,0.0,913.2,895.3,3,11.65
497,231.8,0.0,121.6,174.0,6.7,1056.4,778.5,14,26.77
498,165.0,128.5,132.1,175.1,8.1,1005.8,746.6,3,19.42
499,349.0,0.0,0.0,192.0,0.0,1056.0,809.0,120,40.86
500,425.0,106.3,0.0,153.5,16.5,852.1,887.1,28,60.29
501,337.9,189.0,0.0,174.9,9.5,944.7,755.8,28,49.9
502,190.0,190.0,0.0,228.0,0.0,932.0,670.0,180,46.93
503,307.0,0.0,0.0,193.0,0.0,968.0,812.0,28,27.53
504,251.4,0.0,118.3,188.5,5.8,1028.4,757.7,14,29.93
505,150.9,0.0,183.9,166.6,11.6,991.2,772.2,28,15.57
506,297.2,0.0,117.5,174.8,9.5,1022.8,753.5,56,51.96
507,212.5,0.0,100.4,159.3,8.7,1007.8,903.6,28,31.64
508,362.6,189.0,0.0,164.9,11.6,944.7,755.8,91,79.3
509,254.0,0.0,0.0,198.0,0.0,968.0,863.0,3,9.31
510,290.4,0.0,96.2,168.1,9.4,961.2,865.0,14,34.67
511,288.0,192.0,0.0,192.0,0.0,932.0,717.8,7,23.52
512,349.0,0.0,0.0,192.0,0.0,1047.0,806.0,180,41.05
513,229.7,0.0,118.2,195.2,6.1,1028.1,757.6,14,22.32
514,213.7,98.1,24.5,181.7,6.9,1065.8,785.4,14,30.39
515,153.1,145.0,113.0,178.5,8.0,867.2,824.0,28,26.23
516,252.3,0.0,98.8,146.3,14.2,987.8,889.0,28,50.6
517,522.0,0.0,0.0,146.0,0.0,896.0,896.0,7,50.51
518,165.0,0.0,143.6,163.8,0.0,1005.6,900.9,100,37.96
519,173.0,116.0,0.0,192.0,0.0,946.8,856.8,28,24.28
520,157.0,236.0,0.0,192.0,0.0,935.4,781.2,28,33.66
521,349.0,0.0,0.0,192.0,0.0,1047.0,806.0,7,18.13
522,173.8,93.4,159.9,172.3,9.7,1007.2,746.6,100,50.94
523,313.3,262.2,0.0,175.5,8.6,1046.9,611.8,91,66.6
524,475.0,118.8,0.0,181.1,8.9,852.1,781.5,91,74.19
525,469.0,117.2,0.0,137.8,32.2,852.1,840.5,56,69.3
526,212.1,0.0,121.6,180.3,5.7,1057.6,779.3,28,24.9
527,491.0,26.0,123.0,201.0,3.9,822.0,699.0,28,57.92
528,222.4,0.0,96.7,189.3,4.5,967.1,870.3,100,40.71
529,252.3,0.0,98.8,146.3,14.2,987.8,889.0,3,21.78
530,108.3,162.4,0.0,203.5,0.0,938.2,849.0,28,20.59
531,385.0,0.0,0.0,186.0,0.0,966.0,763.0,14,27.92
532,136.0,162.0,126.0,172.0,10.0,923.0,764.0,28,29.07
533,322.0,149.0,0.0,186.0,8.0,951.0,709.0,28,52.42
534,152.0,0.0,112.0,184.0,8.0,992.0,816.0,28,12.18
535,296.0,0.0,107.0,221.0,11.0,819.0,778.0,28,31.42
536,157.0,214.0,152.0,200.0,9.0,819.0,704.0,28,33.05
537,238.1,0.0,0.0,185.7,0.0,1118.8,789.3,28,17.58
538,531.3,0.0,0.0,141.8,28.2,852.1,893.7,3,41.3
539,374.0,0.0,0.0,190.0,7.0,1013.0,730.0,28,39.05
540,236.0,157.0,0.0,192.0,0.0,972.6,749.1,90,47.78
541,156.0,178.0,187.0,221.0,7.0,854.0,614.0,28,29.41
542,313.0,0.0,113.0,178.0,8.0,1002.0,689.0,28,36.8
543,213.7,98.1,24.5,181.7,6.9,1065.8,785.4,3,18.0
544,310.0,0.0,0.0,192.0,0.0,1012.0,830.0,28,27.83
545,393.0,0.0,0.0,192.0,0.0,940.0,758.0,3,19.11
546,297.0,0.0,0.0,186.0,0.0,1040.0,734.0,7,30.96
547,425.0,106.3,0.0,153.5,16.5,852.1,887.1,7,49.2
548,182.0,45.2,122.0,170.2,8.2,1059.4,780.7,14,21.5
549,251.4,0.0,118.3,192.9,5.8,1043.6,754.3,28,33.27
550,147.8,175.1,0.0,171.2,2.2,1000.0,828.5,28,26.92
551,304.0,76.0,0.0,228.0,0.0,932.0,670.0,90,49.19
552,296.0,0.0,0.0,186.0,0.0,1090.0,769.0,28,25.18
553,397.0,17.2,158.0,167.0,20.8,967.0,633.0,28,55.65
554,152.6,238.7,0.0,200.0,6.3,1001.8,683.9,28,26.86
555,260.9,100.5,78.3,200.6,8.6,864.5,761.5,28,32.4
556,192.0,288.0,0.0,192.0,0.0,929.8,716.1,3,12.79
557,250.0,0.0,95.7,187.4,5.5,956.9,861.2,28,29.22
558,491.0,26.0,123.0,210.0,3.9,882.0,699.0,28,55.55
559,446.0,24.0,79.0,162.0,11.6,967.0,712.0,3,35.36
560,305.3,203.5,0.0,203.5,0.0,965.4,631.0,28,43.38
561,231.8,0.0,121.6,174.0,6.7,1056.4,778.5,28,33.73
562,427.5,47.5,0.0,228.0,0.0,932.0,594.0,90,41.54
563,389.9,189.0,0.0,145.9,22.0,944.7,755.8,7,59.09
564,380.0,0.0,0.0,228.0,0.0,932.0,670.0,365,52.52
565,230.0,0.0,118.3,195.5,4.6,1029.4,758.6,28,24.48
566,254.0,0.0,0.0,198.0,0.0,968.0,863.0,365,29.79
567,425.0,106.3,0.0,153.5,16.5,852.1,887.1,91,65.2
568,252.5,0.0,0.0,185.7,0.0,1111.6,784.3,28,19.77
569,279.8,128.9,100.4,172.4,9.5,825.1,804.9,28,52.83
570,170.3,155.5,0.0,185.7,0.0,1026.6,724.3,7,10.73
571,284.0,15.0,141.0,179.0,5.5,842.0,801.0,3,13.4
572,198.6,132.4,0.0,192.0,0.0,978.4,825.5,180,41.72
573,277.0,0.0,0.0,191.0,0.0,968.0,856.0,14,21.26
574,362.6,189.0,0.0,164.9,11.6,944.7,755.8,7,55.9
575,389.9,189.0,0.0,145.9,22.0,944.7,755.8,28,74.5
576,246.8,0.0,125.1,143.3,12.0,1086.8,800.9,14,42.22
577,166.1,0.0,163.3,176.5,4.5,1058.6,780.1,56,28.63
578,427.5,47.5,0.0,228.0,0.0,932.0,594.0,28,37.43
579,181.4,0.0,167.0,169.6,7.6,1055.6,777.8,56,35.57
580,310.0,0.0,0.0,192.0,0.0,1012.0,830.0,7,17.24
581,198.6,132.4,0.0,192.0,0.0,978.4,825.5,7,14.64
582,155.6,243.5,0.0,180.3,10.7,1022.0,697.7,28,37.36
583,277.0,117.0,91.0,191.0,7.0,946.0,666.0,28,43.57
584,154.8,183.4,0.0,193.3,9.1,1047.4,696.7,28,18.29
585,237.5,237.5,0.0,228.0,0.0,932.0,594.0,7,26.26
586,236.9,91.7,71.5,246.9,6.0,852.9,695.4,28,28.63
587,287.3,120.5,93.9,187.6,9.2,904.4,695.9,28,43.8
588,250.0,0.0,0.0,182.0,0.0,1100.0,820.0,28,20.87
589,255.0,0.0,0.0,192.0,0.0,889.8,945.0,28,18.75
590,446.0,24.0,79.0,162.0,11.6,967.0,712.0,3,23.35
591,333.0,0.0,0.0,192.0,0.0,931.2,842.6,7,23.4
592,190.0,190.0,0.0,228.0,0.0,932.0,670.0,270,50.66
593,173.8,93.4,159.9,172.3,9.7,1007.2,746.6,3,15.82
594,516.0,0.0,0.0,162.0,8.2,801.0,802.0,28,41.37
595,155.0,0.0,143.0,193.0,9.0,877.0,868.0,28,9.74
596,249.1,0.0,98.8,158.1,12.8,987.8,889.0,56,42.03
597,167.0,75.4,167.0,164.0,7.9,1007.3,770.1,56,53.46
598,382.0,0.0,0.0,185.0,0.0,1047.0,739.0,28,37.42
599,213.8,98.1,24.5,181.7,6.7,1066.0,785.5,3,13.18
600,200.0,133.0,0.0,192.0,0.0,965.4,806.2,3,11.41
601,255.5,170.3,0.0,185.7,0.0,1026.6,724.3,7,17.24
602,172.4,13.6,172.4,156.8,4.1,1006.3,856.4,100,37.68
603,173.5,50.1,173.5,164.8,6.5,1006.2,793.5,14,33.01
604,148.0,0.0,182.0,181.0,15.0,839.0,884.0,28,15.52
605,290.4,0.0,96.2,168.1,9.4,961.2,865.0,100,48.97
606,289.0,134.0,0.0,195.0,6.0,924.0,760.0,28,46.24
607,157.0,236.0,0.0,192.0,0.0,935.4,781.2,7,16.89
608,166.1,0.0,163.3,176.5,4.5,1058.6,780.1,3,10.76
609,144.0,170.0,133.0,192.0,8.0,814.0,805.0,28,29.87
610,168.9,42.2,124.3,158.3,10.8,1080.8,796.2,28,31.12
611,139.6,209.4,0.0,192.0,0.0,1047.0,806.9,28,28.24
612,350.0,0.0,0.0,203.0,0.0,974.0,775.0,56,29.98
613,165.0,128.5,132.1,175.1,8.1,1005.8,746.6,14,33.09
614,252.3,0.0,98.8,146.3,14.2,987.8,889.0,14,42.29
615,322.0,0.0,0.0,203.0,0.0,974.0,800.0,14,20.77
616,190.7,0.0,125.4,162.1,7.8,1090.0,804.0,3,15.04
617,173.5,50.1,173.5,164.8,6.5,1006.2,793.5,56,53.77
618,362.6,189.0,0.0,164.9,11.6,944.7,755.8,28,71.3
619,393.0,0.0,0.0,192.0,0.0,940.6,785.6,28,39.6
620,183.9,122.6,0.0,203.5,0.0,959.2,800.0,7,10.79
621,141.3,212.0,0.0,203.5,0.0,971.8,748.5,3,4.83
622,250.2,166.8,0.0,203.5,0.0,977.6,694.1,90,47.71
623,310.0,0.0,0.0,192.0,0.0,970.0,850.0,28,27.92
624,200.0,0.0,0.0,180.0,0.0,1125.0,845.0,28,12.25
625,230.0,0.0,118.3,195.5,4.6,1029.4,758.6,56,31.54
626,158.6,148.9,116.0,175.1,15.0,953.3,719.7,28,27.68
627,154.8,183.4,0.0,193.3,9.1,877.2,867.7,28,23.79
628,150.7,0.0,185.3,166.7,15.6,1074.5,678.0,28,13.46
629,491.0,26.0,123.0,201.0,3.9,822.0,699.0,7,37.92
630,142.0,167.0,130.0,174.0,11.0,883.0,785.0,28,44.61
631,213.7,98.1,24.5,181.7,6.9,1065.8,785.4,28,45.71
632,500.0,0.0,0.0,151.0,9.0,1033.0,655.0,28,69.84
633,331.0,0.0,0.0,192.0,0.0,1025.0,821.0,90,37.91
634,397.0,0.0,0.0,185.7,0.0,1040.6,734.3,7,25.45
635,251.8,0.0,99.9,146.1,12.4,1006.0,899.8,56,44.14
636,337.9,189.0,0.0,174.9,9.5,944.7,755.8,91,67.8
637,148.0,0.0,137.0,158.0,16.0,1002.0,830.0,28,17.95
638,300.0,0.0,120.0,212.0,10.0,878.0,728.0,28,23.84
639,153.0,102.0,0.0,192.0,0.0,888.0,943.1,28,17.96
640,236.0,0.0,0.0,193.0,0.0,968.0,885.0,180,24.1
641,236.0,0.0,0.0,193.0,0.0,968.0,885.0,7,9.99
642,387.0,20.0,94.0,157.0,14.3,938.0,845.0,28,50.24
643,251.4,0.0,118.3,188.5,5.8,1028.4,757.7,100,43.58
644,225.0,0.0,0.0,181.0,0.0,1113.0,833.0,28,17.34
645,427.5,47.5,0.0,228.0,0.0,932.0,594.0,180,41.84
646,388.6,97.1,0.0,157.9,12.1,852.1,925.7,91,57.6
647,475.0,0.0,0.0,162.0,9.5,1044.0,662.0,28,58.52
648,143.0,169.4,142.7,190.7,8.4,967.4,643.5,28,29.73
649,255.5,170.3,0.0,185.7,0.0,1026.6,724.3,28,32.05
650,379.5,151.2,0.0,153.9,15.9,1134.3,605.0,91,56.5
651,252.3,0.0,98.8,146.3,14.2,987.8,889.0,56,55.83
652,153.0,102.0,0.0,192.0,0.0,888.0,943.1,90,26.32
653,194.7,0.0,100.5,165.6,7.5,1006.4,905.9,100,37.34
654,251.4,0.0,118.3,192.9,5.8,1043.6,754.3,100,40.15
655,156.0,243.0,0.0,180.0,11.0,1022.0,698.0,28,37.36
656,261.0,100.0,78.0,201.0,9.0,864.0,761.0,28,32.4
657,236.0,157.0,0.0,192.0,0.0,972.6,749.1,28,32.88
658,212.0,0.0,124.8,159.0,7.8,1085.4,799.5,28,38.5
659,277.0,0.0,0.0,191.0,0.0,968.0,856.0,180,32.33
660,349.0,0.0,0.0,192.0,0.0,1056.0,809.0,7,9.01
661,387.0,20.0,94.0,157.0,13.9,938.0,845.0,7,45.9
662,323.7,282.8,0.0,183.8,10.3,942.7,659.9,28,74.7
663,265.0,111.0,86.0,195.0,6.0,833.0,790.0,28,41.54
664,275.1,0.0,121.4,159.5,9.9,1053.6,777.5,100,58.61
665,153.0,145.0,113.0,178.0,8.0,1002.0,689.0,28,25.56
666,387.0,20.0,94.0,157.0,13.9,938.0,845.0,3,25.51
667,220.8,147.2,0.0,185.7,0.0,1055.0,744.3,7,13.09
668,236.0,0.0,0.0,194.0,0.0,968.0,885.0,14,12.84
669,233.8,0.0,94.6,197.9,4.6,947.0,852.2,100,34.56
670,313.3,262.2,0.0,175.5,8.6,1046.9,611.8,56,64.9
671,213.5,0.0,174.2,159.2,11.7,1043.6,771.9,3,15.61
672,116.0,173.0,0.0,192.0,0.0,909.8,891.9,90,31.02
673,446.0,24.0,79.0,162.0,11.6,967.0,712.0,3,25.02
674,153.0,102.0,0.0,192.0,0.0,888.0,943.1,7,8.37
675,362.6,189.0,0.0,164.9,11.6,944.7,755.8,56,77.3
676,165.0,0.0,150.0,182.0,12.0,1023.0,729.0,28,18.03
677,159.0,209.0,161.0,201.0,7.0,848.0,669.0,28,30.88
678,198.6,132.4,0.0,192.0,0.0,978.4,825.5,90,38.07
679,231.8,0.0,121.6,174.0,6.7,1056.4,778.5,3,15.44
680,425.0,106.3,0.0,151.4,18.6,936.0,803.7,7,46.8
681,230.0,0.0,118.3,195.5,4.6,1029.4,758.6,14,20.08
682,139.7,163.9,127.7,236.7,5.8,868.6,655.6,28,35.23
683,540.0,0.0,0.0,173.0,0.0,1125.0,613.0,14,59.76
684,381.4,0.0,0.0,185.7,0.0,1104.6,784.3,28,22.49
685,310.0,0.0,0.0,192.0,0.0,970.0,850.0,180,37.33
686,281.0,0.0,0.0,186.0,0.0,1104.0,774.0,28,22.44
687,159.0,187.0,0.0,176.0,11.0,990.0,789.0,28,32.76
688,289.0,0.0,0.0,192.0,0.0,913.2,895.3,28,25.57
689,313.3,145.0,0.0,178.5,8.0,1001.9,688.7,28,41.05
690,289.0,0.0,0.0,192.0,0.0,913.2,895.3,90,32.07
691,154.8,0.0,142.8,193.3,9.1,1047.4,696.7,28,12.46
692,246.8,0.0,125.1,143.3,12.0,1086.8,800.9,56,60.32
693,475.0,118.8,0.0,181.1,8.9,852.1,781.5,3,37.8
694,192.0,288.0,0.0,192.0,0.0,929.8,716.1,7,21.48
695,425.0,106.3,0.0,153.5,16.5,852.1,887.1,3,33.4
696,212.6,0.0,100.4,159.4,10.4,1003.8,903.8,100,47.74
697,148.5,139.4,108.6,192.7,6.1,892.4,780.0,28,23.7
698,425.0,106.3,0.0,153.5,16.5,852.1,887.1,56,64.3
699,330.5,169.6,0.0,194.9,8.1,811.0,802.3,28,56.62
700,424.0,22.0,132.0,168.0,8.9,822.0,750.0,56,74.36
701,148.1,0.0,182.1,181.4,15.0,838.9,884.3,28,15.53
702,194.7,0.0,100.5,170.2,7.5,998.0,901.8,100,44.28
703,158.8,238.2,0.0,185.7,0.0,1040.6,734.3,28,21.07
704,382.0,0.0,0.0,186.0,0.0,1111.0,784.0,7,11.47
705,167.4,129.9,128.6,175.5,7.8,1006.3,746.6,100,53.66
706,250.0,0.0,95.7,187.4,5.5,956.9,861.2,100,42.35
707,162.0,190.1,148.1,178.8,18.8,838.1,741.4,28,33.76
708,331.0,0.0,0.0,192.0,0.0,978.0,825.0,3,13.52
709,321.0,164.0,0.0,190.0,5.0,870.0,774.0,28,57.21
710,218.9,0.0,124.1,158.5,11.3,1078.7,794.9,3,15.34
711,249.1,0.0,98.8,158.1,12.8,987.8,889.0,28,30.85
712,116.0,173.0,0.0,192.0,0.0,909.8,891.9,28,22.35
713,401.8,94.7,0.0,147.4,11.4,946.8,852.1,56,73.7
714,297.8,137.2,106.9,201.3,6.0,878.4,655.3,28,53.52
715,290.4,0.0,96.2,168.1,9.4,961.2,865.0,56,45.08
716,233.8,0.0,94.6,197.9,4.6,947.0,852.2,14,22.14
717,381.4,0.0,0.0,185.7,0.0,1104.6,784.3,7,14.54
718,213.7,0.0,174.7,154.8,10.2,1053.5,776.4,100,50.08
719,229.7,0.0,118.2,195.2,6.1,1028.1,757.6,100,40.86
720,302.0,0.0,0.0,203.0,0.0,974.0,817.0,14,18.13
721,286.3,200.9,0.0,144.7,11.2,1004.6,803.7,3,24.4
722,540.0,0.0,0.0,173.0,0.0,1125.0,613.0,7,52.61
723,166.8,250.2,0.0,203.5,0.0,975.6,692.6,28,33.95
724,313.3,145.0,0.0,178.5,8.0,867.2,824.0,28,40.93
725,295.0,0.0,0.0,185.0,0.0,1069.0,769.0,7,14.8
726,251.4,0.0,118.3,192.9,5.8,1043.6,754.3,3,11.98
727,181.4,0.0,167.0,169.6,7.6,1055.6,777.8,100,45.37
728,141.3,212.0,0.0,203.5,0.0,971.8,748.5,28,29.89
729,375.0,93.8,0.0,126.6,23.4,852.1,992.6,91,62.5
730,186.2,124.1,0.0,185.7,0.0,1083.4,764.3,28,17.6
731,312.7,144.7,0.0,127.3,8.0,999.7,822.2,28,44.52
732,167.0,187.0,195.0,185.0,7.0,898.0,636.0,28,23.89
733,362.6,189.0,0.0,164.9,11.6,944.7,755.8,56,77.3
734,277.2,97.8,24.5,160.7,11.2,1061.7,782.5,28,63.14
735,315.0,137.0,0.0,145.0,5.9,1130.0,745.0,28,81.75
736,251.4,0.0,118.3,188.5,6.4,1028.4,757.7,3,13.12
737,425.0,106.3,0.0,153.5,16.5,852.1,887.1,28,60.29
738,200.0,133.0,0.0,192.0,0.0,965.4,806.2,90,43.25
739,339.0,0.0,0.0,185.0,0.0,1069.0,754.0,28,31.84
740,139.6,209.4,0.0,192.0,0.0,1047.0,806.9,3,8.06
741,277.0,0.0,0.0,191.0,0.0,968.0,856.0,360,33.7
742,173.0,116.0,0.0,192.0,0.0,946.8,856.8,7,11.39
743,251.4,0.0,118.3,188.5,6.4,1028.4,757.7,56,36.64
744,155.0,0.0,143.0,193.0,9.0,1047.0,697.0,28,12.46
745,446.0,24.0,79.0,162.0,11.6,967.0,712.0,28,57.03
746,296.0,0.0,0.0,186.0,0.0,1090.0,769.0,7,18.91
747,214.9,53.8,121.9,155.6,9.6,1014.3,780.6,56,53.96
748,380.0,0.0,0.0,228.0,0.0,932.0,670.0,270,53.3
749,194.7,0.0,100.5,165.6,7.5,1006.4,905.9,28,25.72
750,266.0,114.0,0.0,228.0,0.0,932.0,670.0,180,48.7
751,380.0,0.0,0.0,228.0,0.0,932.0,670.0,90,52.91
752,190.3,0.0,125.2,166.6,9.9,1079.0,798.9,100,33.56
753,168.9,42.2,124.3,158.3,10.8,1080.8,796.2,56,39.15
754,149.0,236.0,0.0,176.0,13.0,847.0,893.0,28,32.96
755,307.0,0.0,0.0,193.0,0.0,968.0,812.0,180,34.49
756,275.1,0.0,121.4,159.5,9.9,1053.6,777.5,28,51.33
757,525.0,0.0,0.0,189.0,0.0,1125.0,613.0,270,67.11
758,380.0,95.0,0.0,228.0,0.0,932.0,594.0,270,41.15
759,186.2,124.1,0.0,185.7,0.0,1083.4,764.3,7,8.0
760,380.0,0.0,0.0,228.0,0.0,932.0,670.0,180,53.1
761,355.0,19.0,97.0,145.0,13.1,967.0,871.0,28,44.03
762,349.0,0.0,0.0,192.0,0.0,1047.0,806.0,360,42.13
763,143.7,170.2,132.6,191.6,8.5,814.1,805.3,28,29.87
764,202.0,11.0,141.0,206.0,1.7,942.0,801.0,28,21.97
765,146.5,114.6,89.3,201.9,8.8,860.0,829.5,28,19.99
766,397.0,0.0,0.0,185.7,0.0,1040.6,734.3,28,33.08
767,148.0,175.0,0.0,171.0,2.0,1000.0,828.0,28,26.92
768,250.0,0.0,95.7,191.8,5.3,948.9,857.2,56,39.64
769,520.0,0.0,0.0,175.0,5.2,870.0,805.0,28,51.02
770,313.3,262.2,0.0,175.5,8.6,1046.9,611.8,3,28.8
771,255.0,0.0,0.0,192.0,0.0,889.8,945.0,90,21.86
772,194.7,0.0,100.5,170.2,7.5,998.0,901.8,56,43.39
773,275.0,0.0,0.0,183.0,0.0,1088.0,808.0,7,14.2
774,251.4,0.0,118.3,192.9,5.8,1043.6,754.3,14,20.73
775,200.0,0.0,0.0,180.0,0.0,1125.0,845.0,7,7.84
776,102.0,153.0,0.0,192.0,0.0,887.0,942.0,90,25.46
777,331.0,0.0,0.0,192.0,0.0,1025.0,821.0,28,31.74
778,212.0,0.0,124.8,159.0,7.8,1085.4,799.5,3,19.52
779,230.0,0.0,118.3,195.5,4.6,1029.4,758.6,3,10.03
780,251.8,0.0,99.9,146.1,12.4,1006.0,899.8,28,33.94
781,313.0,161.0,0.0,178.0,10.0,917.0,759.0,28,52.44
782,424.0,22.0,132.0,168.0,8.9,822.0,750.0,7,40.29
783,295.7,0.0,95.6,171.5,8.9,955.1,859.2,100,52.04
784,393.0,0.0,0.0,192.0,0.0,940.6,785.6,3,19.2
785,273.0,105.0,82.0,210.0,9.0,904.0,680.0,28,37.17
786,249.1,0.0,98.8,158.1,12.8,987.8,889.0,3,15.36
787,380.0,95.0,0.0,228.0,0.0,932.0,594.0,28,36.45
788,334.0,17.6,158.0,189.0,15.3,967.0,633.0,28,44.33
789,425.0,106.3,0.0,153.5,16.5,852.1,887.1,56,64.3
790,362.6,189.0,0.0,164.9,11.6,944.7,755.8,3,35.3
791,298.0,0.0,107.0,210.0,11.0,880.0,744.0,28,31.87
792,446.0,24.0,79.0,162.0,11.6,967.0,712.0,7,52.01
793,491.0,26.0,123.0,210.0,3.9,882.0,699.0,56,59.59
794,540.0,0.0,0.0,173.0,0.0,1125.0,613.0,28,67.31
795,136.4,161.6,125.8,171.6,10.4,922.6,764.4,28,29.07
796,190.3,0.0,125.2,161.9,9.9,1088.1,802.6,14,22.72
797,290.2,193.5,0.0,185.7,0.0,998.2,704.3,7,21.86
798,382.5,0.0,0.0,185.7,0.0,1047.8,739.3,7,24.07
799,160.0,128.0,122.0,182.0,6.4,824.0,879.0,28,39.4
800,164.0,163.0,128.0,197.0,8.0,961.0,641.0,28,27.23
801,153.0,102.0,0.0,192.0,0.0,888.0,943.1,3,4.78
802,387.0,20.0,94.0,157.0,11.6,938.0,845.0,3,34.77
803,250.0,0.0,95.7,187.4,5.5,956.9,861.2,56,38.33
804,314.0,145.0,113.0,179.0,8.0,869.0,690.0,28,46.23
805,213.5,0.0,174.2,159.2,11.7,1043.6,771.9,100,52.96
806,313.0,145.0,0.0,178.0,8.0,1002.0,689.0,28,41.05
807,277.2,97.8,24.5,160.7,11.2,1061.7,782.5,56,66.82
808,212.5,0.0,100.4,159.3,8.7,1007.8,903.6,3,13.54
809,251.4,0.0,118.3,188.5,5.8,1028.4,757.7,28,29.65
810,286.3,200.9,0.0,144.7,11.2,1004.6,803.7,91,76.8
811,251.4,0.0,118.3,188.5,6.4,1028.4,757.7,28,32.66
812,450.1,50.0,0.0,200.0,3.0,1124.4,613.2,28,39.38
813,424.0,22.0,132.0,178.0,8.5,882.0,750.0,3,32.01
814,500.0,0.0,0.0,200.0,0.0,1125.0,613.0,14,36.94
815,210.7,316.1,0.0,185.7,0.0,977.0,689.3,28,37.81
816,145.7,172.6,0.0,181.9,3.4,985.8,816.8,28,23.74
817,362.6,189.0,0.0,164.9,11.6,944.7,755.8,28,71.3
818,475.0,118.8,0.0,181.1,8.9,852.1,781.5,56,72.3
819,284.0,119.7,0.0,168.3,7.2,970.4,794.2,28,40.93
820,280.0,129.0,100.0,172.0,9.0,825.0,805.0,28,52.82
821,141.3,212.0,0.0,203.5,0.0,971.8,748.5,90,39.66
822,135.0,0.0,166.0,180.0,10.0,961.0,805.0,28,13.29
823,213.8,98.1,24.5,181.7,6.7,1066.0,785.5,14,17.84
